-- MySQL dump 10.13  Distrib 8.0.40, for Win64 (x86_64)
--
-- Host: 127.0.0.1    Database: chat_real_time
-- ------------------------------------------------------
-- Server version	9.1.0

/*!40101 SET @OLD_CHARACTER_SET_CLIENT=@@CHARACTER_SET_CLIENT */;
/*!40101 SET @OLD_CHARACTER_SET_RESULTS=@@CHARACTER_SET_RESULTS */;
/*!40101 SET @OLD_COLLATION_CONNECTION=@@COLLATION_CONNECTION */;
/*!50503 SET NAMES utf8 */;
/*!40103 SET @OLD_TIME_ZONE=@@TIME_ZONE */;
/*!40103 SET TIME_ZONE='+00:00' */;
/*!40014 SET @OLD_UNIQUE_CHECKS=@@UNIQUE_CHECKS, UNIQUE_CHECKS=0 */;
/*!40014 SET @OLD_FOREIGN_KEY_CHECKS=@@FOREIGN_KEY_CHECKS, FOREIGN_KEY_CHECKS=0 */;
/*!40101 SET @OLD_SQL_MODE=@@SQL_MODE, SQL_MODE='NO_AUTO_VALUE_ON_ZERO' */;
/*!40111 SET @OLD_SQL_NOTES=@@SQL_NOTES, SQL_NOTES=0 */;

--
-- Table structure for table `conversation`
--

DROP TABLE IF EXISTS `conversation`;
/*!40101 SET @saved_cs_client     = @@character_set_client */;
/*!50503 SET character_set_client = utf8mb4 */;
CREATE TABLE `conversation` (
  `id` int NOT NULL AUTO_INCREMENT,
  `user_one` int DEFAULT NULL,
  `user_two` int DEFAULT NULL,
  `status` tinyint(1) DEFAULT NULL,
  `createdAt` timestamp NOT NULL DEFAULT CURRENT_TIMESTAMP,
  `updatedAt` timestamp NOT NULL DEFAULT CURRENT_TIMESTAMP,
  `user_send_last_message` int DEFAULT NULL,
  `last_message` text COLLATE utf8mb4_general_ci,
  `is_seen` tinyint DEFAULT NULL,
  `iv` text COLLATE utf8mb4_general_ci,
  PRIMARY KEY (`id`)
) ENGINE=InnoDB AUTO_INCREMENT=7 DEFAULT CHARSET=utf8mb4 COLLATE=utf8mb4_general_ci;
/*!40101 SET character_set_client = @saved_cs_client */;

--
-- Dumping data for table `conversation`
--

LOCK TABLES `conversation` WRITE;
/*!40000 ALTER TABLE `conversation` DISABLE KEYS */;
INSERT INTO `conversation` VALUES (1,16,14,1,'2024-07-30 10:33:21','2024-07-30 10:33:21',NULL,NULL,NULL,NULL),(2,16,15,1,'2024-07-30 10:46:59','2024-07-30 10:46:59',NULL,NULL,NULL,NULL),(3,15,14,1,'2024-07-30 14:56:53','2024-07-30 14:56:53',NULL,NULL,NULL,NULL),(4,14,17,1,'2024-08-01 14:04:45','2024-08-01 14:04:45',NULL,NULL,NULL,NULL),(5,14,20,1,'2024-08-14 17:08:30','2024-08-14 17:08:30',NULL,NULL,NULL,NULL),(6,21,14,1,'2025-05-13 14:00:10','2025-05-13 14:02:57',21,'09e88945e41b76814c6741e082f54b0b',0,'ypY5xfvXNLaAJyZmihHkiA==');
/*!40000 ALTER TABLE `conversation` ENABLE KEYS */;
UNLOCK TABLES;

--
-- Table structure for table `messages`
--

DROP TABLE IF EXISTS `messages`;
/*!40101 SET @saved_cs_client     = @@character_set_client */;
/*!50503 SET character_set_client = utf8mb4 */;
CREATE TABLE `messages` (
  `id` int NOT NULL AUTO_INCREMENT,
  `message` varchar(255) CHARACTER SET utf8mb4 COLLATE utf8mb4_general_ci DEFAULT NULL,
  `is_seen` tinyint(1) DEFAULT NULL,
  `deleted_from_sender` tinyint(1) DEFAULT NULL,
  `deleted_from_receiver` tinyint(1) DEFAULT NULL,
  `user_id` int DEFAULT NULL,
  `conversation_id` int DEFAULT NULL,
  `iv` varchar(255) CHARACTER SET utf8mb4 COLLATE utf8mb4_general_ci DEFAULT NULL,
  `createdAt` datetime NOT NULL,
  `updatedAt` datetime NOT NULL,
  PRIMARY KEY (`id`)
) ENGINE=InnoDB AUTO_INCREMENT=93 DEFAULT CHARSET=utf8mb4 COLLATE=utf8mb4_general_ci;
/*!40101 SET character_set_client = @saved_cs_client */;

--
-- Dumping data for table `messages`
--

LOCK TABLES `messages` WRITE;
/*!40000 ALTER TABLE `messages` DISABLE KEYS */;
INSERT INTO `messages` VALUES (2,'7e3c15c8edfc10696d067e1c832e7fc4',1,0,0,14,1,'VOcTS0GJ4j+hVxl95XuiHA==','2024-07-30 10:34:08','2024-08-01 14:16:49'),(6,'3aa899911da173962c6fdfe9edf1fe32',1,0,0,15,3,'GjB+5GK8WU8Q1eQyFBVcyg==','2024-07-30 15:11:31','2024-08-24 10:53:08'),(7,'2915f3cf22e1f0b1a9bce047744a8a6e',1,0,0,15,3,'9UKl8CMbd2THeivVGVAGOA==','2024-07-30 15:14:05','2024-08-24 10:53:08'),(8,'5bbac1d6401babe0d4e8e64ae214dcc1',1,0,0,15,3,'ZbXFexSEVIxo3nD9jfPDYQ==','2024-07-30 15:16:53','2024-08-24 10:53:08'),(9,'c9ddf11ee232c0fa391a5077c942ad9f',1,0,0,15,3,'4mtsJBx4x8H23MjwnvM1+A==','2024-07-30 15:17:24','2024-08-24 10:53:08'),(10,'d432256fa62b03640f68c2ae6e18e5ca',1,0,0,15,3,'Q8YToMX0PqwBtl/4DVZQpQ==','2024-07-30 15:18:08','2024-08-24 10:53:08'),(11,'c8d70bfe6b1ed2ff83b25072e00d4511',1,0,0,15,3,'Y9UNij7nV8iABQkCxkpqnw==','2024-07-30 15:18:12','2024-08-24 10:53:08'),(12,'4b60a5a81de875bbb28f85d2cbf87750',1,0,0,15,3,'fQVc7GfJD3vDHqaNn/6saA==','2024-07-30 15:20:46','2024-08-24 10:53:08'),(13,'a31a364bf4e8a2105c70e627bb24ec13',1,0,0,15,3,'/1TZVrd42d7aUIXs+Lw9yg==','2024-07-30 15:20:51','2024-08-24 10:53:08'),(14,'08927caaf86293f6e4975ba2999afd5f',1,0,0,15,3,'WWhXOULckupcXUcPYcvVrA==','2024-07-30 15:26:10','2024-08-24 10:53:08'),(15,'31ab7718b0c0e56d44998eb32fc08567',1,0,0,15,3,'ThN40ImWB6KNrm0bMffk3w==','2024-07-30 15:32:15','2024-08-24 10:53:08'),(16,'696c19c74dc6cfbda9be4aa71cee6b16',1,0,0,15,3,'s0fpjOqJj4E+PmP8KGAGtw==','2024-07-30 15:33:16','2024-08-24 10:53:08'),(17,'88cb0075cb6907f6dd180a9710e8e04e',1,0,0,15,3,'jHje1+WLqUl25udpDV4Ugw==','2024-07-30 15:37:25','2024-08-24 10:53:08'),(18,'bb043b1882aa715e3931818ecef5cec2',1,0,0,15,3,'KcptiZF3/uPKT/QijUUW6w==','2024-07-30 15:40:52','2024-08-24 10:53:08'),(19,'231dd73d36ecea6e6e3c36d07d518a56',1,0,0,15,3,'oT83f92v3gw3xBfpi/vBuw==','2024-07-30 15:41:38','2024-08-24 10:53:08'),(20,'a7145ebe5a73ed5ab8a37dd2ebca851c',1,0,0,15,3,'tzYoFpA3cEDgSr4jq/TrTw==','2024-07-30 15:43:06','2024-08-24 10:53:08'),(21,'990983fe09f254a151058ee966644518',1,0,0,15,3,'Q6omAj3Bv6TATsTw25tH5g==','2024-07-30 15:43:10','2024-08-24 10:53:08'),(22,'2ecdc594b10fa86420e90fae3a781a42',1,0,0,15,3,'kQ77DXaBWC/pxMhQ0IBmOw==','2024-07-31 13:14:06','2024-08-24 10:53:08'),(23,'28fec1b3a04f068519e85997ab89416a',1,0,0,15,3,'7sfOtTfBmfPAX7lM9So8Lw==','2024-07-31 13:19:12','2024-08-24 10:53:08'),(24,'1aefd0b3aa3d0fb6af861f3cb92782a3',1,0,0,15,2,'zlRkRL+ufNYQFqiRsIKG/w==','2024-07-31 13:19:29','2024-08-01 14:11:38'),(25,'70f8ff5d84daf4476f16ab892148043b',1,0,0,15,2,'qh8JPhs9KeTv3VvtnrI7kA==','2024-07-31 13:45:35','2024-08-01 14:11:38'),(26,'a8bf19dda98e675a4152f24264738d5e',1,0,0,15,2,'OAR4GObjOddxW+Lk5O5Vdg==','2024-07-31 13:46:24','2024-08-01 14:11:38'),(27,'8172e35699b240fed68b78bb56c2d34d',1,0,0,15,2,'nFM50cMbgew88d+KE4gbVw==','2024-07-31 13:49:56','2024-08-01 14:11:38'),(28,'c7f8fbcbbc79c2450925b20509fa349f',1,0,0,15,2,'ke3QJJdir6OORoOzcWkB3A==','2024-07-31 13:50:53','2024-08-01 14:11:38'),(29,'4fb130b5384f6575e5512bae2bd6c8f7',1,0,0,15,2,'GpwRCo+/LaMp8iMjHzPvYw==','2024-07-31 13:51:52','2024-08-01 14:11:38'),(30,'8582468bcd3788d87b0a540fcde0742b',1,0,0,15,2,'rOHbBVHP55l1RsDac9bVww==','2024-07-31 13:56:27','2024-08-01 14:11:38'),(31,'2aace74ca05e6a80786ccddf687fb39b',1,0,0,15,2,'xtTF8OWYBF8b8TKNLk+heg==','2024-07-31 14:31:02','2024-08-01 14:11:38'),(32,'fbb2e31361d106a4f393976b9beb64b5',1,0,0,15,2,'qoAB0zrWSnc/DrAPegxK/g==','2024-07-31 14:31:12','2024-08-01 14:11:38'),(33,'3d0cc39103084e31b730f4e05c077cfa',1,0,0,15,3,'9qlUOUrZrDV7eOG2rPJN+Q==','2024-07-31 14:31:17','2024-08-24 10:53:08'),(34,'9d48074ead1f077a3019135352b6f742',1,0,0,15,3,'TZjorwLbxvvRse1xWt58rA==','2024-07-31 14:35:22','2024-08-24 10:53:08'),(35,'33bb84a080a9b71d6f8b99c30e32e1e0',1,0,0,15,2,'mJaqCaQMcTfPZrHLCwmbNQ==','2024-07-31 14:35:25','2024-08-01 14:11:38'),(36,'0dad71580e6f0dda323307e6b2560a4a',1,0,0,15,2,'t0Ckd9vkyNCWF2FVdjP7Ow==','2024-07-31 14:35:28','2024-08-01 14:11:38'),(37,'c3e5fd445096336a17306f9bf94745cd',1,0,0,14,3,'Axf2D7cU+EiqtIW+9SpeJA==','2024-07-31 15:53:30','2024-07-31 17:31:22'),(38,'568c7c602ec6292cfc7770e60daed8e5',1,0,0,14,3,'ig18wEAbLRwGidmw6BkcQQ==','2024-07-31 15:57:19','2024-07-31 17:31:22'),(39,'723b7c4d19a08d29fd0623162b8a1185',1,0,0,14,3,'HjQ5s5H+QI3e7ibHWFHtbA==','2024-07-31 15:59:09','2024-07-31 17:31:22'),(40,'a90b9bc14b08c30e3a37c1244e948c20',1,0,0,14,3,'mdL9C0TYC750imBOQwGDew==','2024-07-31 16:02:31','2024-07-31 17:31:22'),(41,'fd8ffcbcc3626901361b9a1a1fa26787',1,0,0,15,3,'1oUb27uYLqNuiyf9bWBEDw==','2024-07-31 16:05:21','2024-08-24 10:53:08'),(42,'388a13e898281cb10259ef8a93f6ccbb',1,0,0,15,3,'VIunZ+joUo/S22+Ty5hYhA==','2024-07-31 16:15:40','2024-08-24 10:53:08'),(43,'d712d72228066bb47d2343fbb3e7928a',1,0,0,14,3,'mXBeJP55kN8Rqk1rWBDipw==','2024-07-31 16:25:36','2024-07-31 17:31:22'),(44,'36d30784381b0c9921972b90e592dbf2',1,0,0,14,3,'ZL8QeP2gzwjyMP8TrvghOg==','2024-07-31 16:27:43','2024-07-31 17:31:22'),(45,'0dea921da774e293d92edee8337a43a0',1,0,0,14,3,'0wHKPRcIG92W9BvN+LIpbQ==','2024-07-31 16:29:29','2024-07-31 17:31:22'),(46,'876d345680ac8e9fb7f171acca649e66',1,0,0,14,3,'y7++Ph6l6YcpN7FyuJEuSQ==','2024-07-31 16:30:21','2024-07-31 17:31:22'),(47,'a1ea6c4b6a05a289df110e5a75fd95c3',1,0,0,14,3,'DGLJEWxDU6sZ+/lBRm3nbg==','2024-07-31 16:31:34','2024-07-31 17:31:22'),(48,'0cf6c550d28722f63cc31e2b24c67896',1,0,0,14,3,'wtSiPvsPOtVSAGBHtb8pEA==','2024-07-31 16:31:39','2024-07-31 17:31:22'),(49,'261e2bba7191719c24e2c25bdb13af35',1,0,0,14,3,'KdpCkEAivplQ1m8Pxornng==','2024-07-31 16:31:44','2024-07-31 17:31:22'),(50,'2e98be6449e3ca316b93c3e59186a69d',1,0,0,14,3,'VO+mu81v1LhmYaavK7AIkg==','2024-07-31 16:32:16','2024-07-31 17:31:22'),(51,'421f42875e4c5cdf223099ff57127517',1,0,0,14,3,'m1e1WlhyYJ5gJCmBSa2mOQ==','2024-07-31 16:59:44','2024-07-31 17:31:22'),(52,'934d0751456fb808be1ac5b57ee89f92',1,0,0,14,3,'Rlxorl0WRh52WSLub2uKTQ==','2024-07-31 17:02:46','2024-07-31 17:31:22'),(53,'fe2319714bb2c5a49d4a59f63f29dda3',1,0,0,14,3,'U7TGgDwetGkfPay7bLevZQ==','2024-07-31 17:03:02','2024-07-31 17:31:22'),(54,'939c2deb496ad41fd24f38c1b3683381',1,0,0,14,3,'paEVyhCrAzrYVOQqe0fFVw==','2024-07-31 17:11:01','2024-07-31 17:31:22'),(55,'658a9692ce07e7f6e73c4b7917a4cf9c',1,0,0,14,3,'CQ8yXXpHZ90Yw9WMKP0sdQ==','2024-07-31 17:11:06','2024-07-31 17:31:22'),(56,'9f5e6b63078eb1b1d9c8b640bf57c2c2',1,0,0,15,3,'EdWzUC2KgdgB/tnLbamoYQ==','2024-07-31 17:11:34','2024-08-24 10:53:08'),(57,'444ffe71e81f343f8fde660f3e371286',1,0,0,14,3,'Len8SKCUT+t1+w132vw4vw==','2024-07-31 17:23:21','2024-07-31 17:31:22'),(58,'7a648322ffacd9c740ef8690c2d0215e',1,0,0,14,3,'kRZFSt5ic2sn9sYZ6zIGuw==','2024-07-31 17:24:55','2024-07-31 17:31:22'),(59,'ea9c96def5d9c524e07c27fa9aecc07b',1,0,0,14,3,'wBc2tERXvaxmSrXYd1h1LA==','2024-07-31 17:25:02','2024-07-31 17:31:22'),(60,'197a42329aa0e8453e2aed076a61a0e9',1,0,0,14,3,'rs0K1vyUFvPySudoLqcL4A==','2024-07-31 17:25:52','2024-07-31 17:31:22'),(61,'f5f0d59cd6edd947e81f3a623256dee1',1,0,0,15,3,'9xkPLv2t2c0407lGhcKneg==','2024-07-31 17:25:56','2024-08-24 10:53:08'),(62,'a9032b6d66a32d242a3e877ec731c0dd',1,0,0,14,3,'Yn6D+PxxOTB97my5YU/9cw==','2024-07-31 17:25:59','2024-07-31 17:31:22'),(63,'5b280a7066155d30689dd2d5dd483a37',1,0,0,15,3,'q6pcNhVuqSRz4MpSqFPCXA==','2024-07-31 17:26:02','2024-08-24 10:53:08'),(64,'e7443074475ad98aec972aa401762488',1,0,0,14,3,'01c7jvqNJOhkmXX/eYnKIw==','2024-07-31 17:26:06','2024-07-31 17:31:22'),(65,'05cadee4a8316ead5e0296a0e5ac292b',1,0,0,14,3,'UKQm3+aJXmxUaa+VsRhk6Q==','2024-07-31 17:26:13','2024-07-31 17:31:22'),(66,'8f2f8513aa60460d3aec9dd28336d821',1,0,0,15,3,'7SjOBXPqZoqpCSNjvSIfZQ==','2024-07-31 17:26:20','2024-08-24 10:53:08'),(67,'a76c24c8ccd721c0c235f64cc81f8927',1,0,0,15,3,'BevImSbsYhp+d8Nen828iA==','2024-07-31 17:26:28','2024-08-24 10:53:08'),(68,'324fb5f51be0bb44b3cabd6c7f6b3258',1,0,0,14,3,'sqg9tOp/WnJwTO+CIOpg3g==','2024-07-31 17:26:34','2024-07-31 17:31:22'),(69,'b5a0ddb4e70b3787f4bdde0bb8a4ac61',1,0,0,14,1,'wQLcCPo1T/H+zHKWXzEmMA==','2024-07-31 17:26:42','2024-08-01 14:16:49'),(70,'bc9a53fe262882f2e61b44964dca9cf9',1,0,0,15,3,'V8IBYBxgc1O4b9W3pWWCvA==','2024-07-31 17:31:28','2024-08-24 10:53:08'),(71,'0783caae2299906d2be58501d2d35023',1,0,0,14,3,'/optel4KL6LYpgg8e180sg==','2024-07-31 17:31:35','2024-07-31 17:31:35'),(72,'8da5d8e39af827e0e9e6eb92b5e19b39',1,0,0,16,1,'Coa73NH/IDP2e4oIe62p3A==','2024-08-01 10:59:31','2024-08-14 13:53:19'),(73,'e6fa30bdff4ab8d6a28711e3d545f684',1,0,0,14,1,'mJlaaAkvR9UhTeuYa2S8VA==','2024-08-01 10:59:47','2024-08-01 14:16:49'),(74,'5b8f18d93cf346ef253972ce6f2720af',0,0,0,14,3,'jVRNkIgrM5Fwt6HNQNrKZw==','2024-08-01 13:34:50','2024-08-01 13:34:50'),(75,'d9d40ecf22438399508b710c7d6a1f9d',1,0,0,14,4,'byRm0foFacE9skoM2seSaQ==','2024-08-01 14:04:54','2024-08-01 14:11:40'),(76,'bf7105106acac12584976367e0e105a65dd62dc9142549902b5ac20acfeb4e3172e92ece0050a641bb37f678eec5b2d7',1,0,0,14,4,'PV1FWI4V0eYqg0lopmAohQ==','2024-08-01 14:08:11','2024-08-01 14:11:40'),(77,'d7bb611e01959b488625d5e1b7e5d261',1,0,0,16,1,'QJSh/UESTyqZogsICWJnew==','2024-08-01 14:10:34','2024-08-14 13:53:19'),(78,'f231a45551e206e2565a028a28801670',1,0,0,14,1,'WG4vxrlKJ9Onm4di/KxHnA==','2024-08-01 14:10:45','2024-08-01 14:16:49'),(79,'b739f5c15cfebb268b6237ba726ac793',1,0,0,14,1,'+s5cTH8h6KQb1SUhlJhSew==','2024-08-01 14:16:31','2024-08-01 14:16:49'),(80,'6076162232585170917658b627931db2',1,0,0,16,1,'/o62RVXsROBRGeyjrm3klg==','2024-08-01 14:16:53','2024-08-14 13:53:19'),(81,'020338619c14637dbe995adb0a5b72cd',0,0,0,14,4,'jHiVqasKBUW5VBq+x6cqtA==','2024-08-09 03:13:47','2024-08-09 03:13:47'),(82,'73e6154d8a3e34c3ffd077110fdd60c4',1,0,0,14,5,'GuzsvLfYz3m6zqJtbhSAIA==','2024-08-14 17:08:36','2024-08-14 17:19:45'),(83,'6b7cc4303988e97c570cb37f2df70ff0',1,0,0,14,5,'D+j1L5Z6aph/0doyzh7h/A==','2024-08-14 17:16:26','2024-08-14 17:19:45'),(84,'2e5fb4b39758d47a44b4598b3a4c9cb5',1,0,0,20,5,'A8eaquLL0teIA6Kx9Cjebg==','2024-08-14 17:18:42','2024-08-24 10:52:58'),(85,'c81fa9005588f40b733544dcf04f36a7',1,0,0,20,5,'XeNli32pNqVUkU4KhEPy+Q==','2024-08-14 17:19:22','2024-08-24 10:52:58'),(86,'653bb99dc86175261c607b0126d72377',0,0,0,14,5,'7SVrddg67F1p+kpVwld0fQ==','2024-08-14 17:20:16','2024-08-14 17:20:16'),(87,'9bb1d027037959420a50b2c063653a60',0,0,0,14,5,'D3osFsOrdK52b1+p0RISAA==','2024-08-14 17:20:29','2024-08-14 17:20:29'),(88,'b1ea2bd80f7774c83e0c4e9ceb3b8c2c',0,0,0,14,5,'8pLOlQ8UVTcsTWKnvU1vpQ==','2024-08-14 17:20:56','2024-08-14 17:20:56'),(89,'566be589d0c86e156b580195e1edfcff',0,0,0,14,5,'R7Fi4Zbty6oy2wfLAsSctA==','2024-08-14 17:21:07','2024-08-14 17:21:07'),(90,'703245a49a82d3655e3f06d0b0ae32fb',0,0,0,14,3,'Xp22PI8i/XUQQMO+D8Akyg==','2024-08-15 01:56:04','2024-08-15 01:56:04'),(91,'198c33e2723a897f54f6b57d16d4d29b',0,0,0,21,6,'PZdhYd8PnmHL/565reUv6g==','2025-05-13 14:02:54','2025-05-13 14:02:54'),(92,'09e88945e41b76814c6741e082f54b0b',0,0,0,21,6,'ypY5xfvXNLaAJyZmihHkiA==','2025-05-13 14:02:57','2025-05-13 14:02:57');
/*!40000 ALTER TABLE `messages` ENABLE KEYS */;
UNLOCK TABLES;

--
-- Table structure for table `sequelizemeta`
--

DROP TABLE IF EXISTS `sequelizemeta`;
/*!40101 SET @saved_cs_client     = @@character_set_client */;
/*!50503 SET character_set_client = utf8mb4 */;
CREATE TABLE `sequelizemeta` (
  `name` varchar(255) CHARACTER SET utf8mb3 COLLATE utf8mb3_unicode_ci NOT NULL,
  PRIMARY KEY (`name`),
  UNIQUE KEY `name` (`name`)
) ENGINE=InnoDB DEFAULT CHARSET=utf8mb3 COLLATE=utf8mb3_unicode_ci;
/*!40101 SET character_set_client = @saved_cs_client */;

--
-- Dumping data for table `sequelizemeta`
--

LOCK TABLES `sequelizemeta` WRITE;
/*!40000 ALTER TABLE `sequelizemeta` DISABLE KEYS */;
INSERT INTO `sequelizemeta` VALUES ('20240708171340-create-user.js'),('20240720111757-create-conversation.js'),('20240720112254-create-message.js');
/*!40000 ALTER TABLE `sequelizemeta` ENABLE KEYS */;
UNLOCK TABLES;

--
-- Table structure for table `user`
--

DROP TABLE IF EXISTS `user`;
/*!40101 SET @saved_cs_client     = @@character_set_client */;
/*!50503 SET character_set_client = utf8mb4 */;
CREATE TABLE `user` (
  `id` int NOT NULL AUTO_INCREMENT,
  `fullname` varchar(255) CHARACTER SET utf8mb4 COLLATE utf8mb4_general_ci DEFAULT NULL,
  `email` varchar(255) CHARACTER SET utf8mb4 COLLATE utf8mb4_general_ci DEFAULT NULL,
  `tel` varchar(255) CHARACTER SET utf8mb4 COLLATE utf8mb4_general_ci DEFAULT NULL,
  `password` varchar(255) CHARACTER SET utf8mb4 COLLATE utf8mb4_general_ci DEFAULT NULL,
  `gender` varchar(255) CHARACTER SET utf8mb4 COLLATE utf8mb4_general_ci DEFAULT NULL,
  `DOB` datetime DEFAULT NULL,
  `refreshToken` varchar(255) CHARACTER SET utf8mb4 COLLATE utf8mb4_general_ci DEFAULT NULL,
  `createdAt` timestamp NOT NULL DEFAULT CURRENT_TIMESTAMP,
  `updatedAt` timestamp NOT NULL DEFAULT CURRENT_TIMESTAMP,
  `avatar` varchar(45) COLLATE utf8mb4_general_ci DEFAULT 'avatarDefault.jpg',
  PRIMARY KEY (`id`)
) ENGINE=InnoDB AUTO_INCREMENT=22 DEFAULT CHARSET=utf8mb4 COLLATE=utf8mb4_general_ci;
/*!40101 SET character_set_client = @saved_cs_client */;

--
-- Dumping data for table `user`
--

LOCK TABLES `user` WRITE;
/*!40000 ALTER TABLE `user` DISABLE KEYS */;
INSERT INTO `user` VALUES (14,'Nguyễn Công Trung','nguyencongtrung13@gmail.com','','$2b$10$mIz5cpFs2hQdFBBkUMGSEOWP1J30V4G52/KZ4Wzeo8WeG1qbEtC7e','Male','2004-07-16 00:00:00','eyJhbGciOiJIUzI1NiIsInR5cCI6IkpXVCJ9.eyJpZCI6MTQsImZ1bGxuYW1lIjoiTmd1eeG7hW4gQ8O0bmcgVHJ1bmciLCJlbWFpbCI6Im5ndXllbmNvbmd0cnVuZzEzQGdtYWlsLmNvbSIsInRlbCI6IiIsImlhdCI6MTcyMzc3NzU2NSwiZXhwIjoxNzI2MzY5NTY1fQ.-lWskCs-5D5SjzISNZkTMw3RQfKcgndWlz-LKssqqBo','2024-07-27 02:14:53','2024-08-16 03:06:05','avatarDefault.jpg'),(15,'Đang Ỉa Bị Gank','','0912345678','$2b$10$bylPJmOuRu9FF.YaiwpuZOfX9UzO7X/dM592q5Be.0INmffRYFcMK','Male','2004-07-27 00:00:00','eyJhbGciOiJIUzI1NiIsInR5cCI6IkpXVCJ9.eyJpZCI6MTUsImZ1bGxuYW1lIjoixJBhbmcg4buIYSBC4buLIEdhbmsiLCJlbWFpbCI6IiIsInRlbCI6IjA5MTIzNDU2NzgiLCJpYXQiOjE3MjIzNTA2ODMsImV4cCI6MTcyNDk0MjY4M30.oHauFTIvPL5U9swdOMKC68u0VbRe8MI0Q0SgSPBeAig','2024-07-27 02:16:22','2024-07-30 14:44:43','avatarDefault.jpg'),(16,'Thích  Ăn Hành','','0966421165','$2b$10$72Po7vYV1KpWp0HuJwv/fup55.7wlqNEE5BhL1NEkAtATvoT1wfCu','Male','2004-07-27 00:00:00','eyJhbGciOiJIUzI1NiIsInR5cCI6IkpXVCJ9.eyJpZCI6MTYsImZ1bGxuYW1lIjoiVGjDrWNoICDEgm4gSMOgbmgiLCJlbWFpbCI6IiIsInRlbCI6IjA5NjY0MjExNjUiLCJpYXQiOjE3MjQ2ODIzNTksImV4cCI6MTcyNzI3NDM1OX0.Okb8Oato7ZHkx6Q4HpZQ0U-hfgZiqpiq1FA-4U6g0as','2024-07-27 08:03:21','2024-08-26 14:25:59','avatarDefault.jpg'),(17,'Trí Mlem','','0912341234','$2b$10$w7zux9BDFjIjcfdTBDDd8uBK/7QI1jlN8PFkFq0qNPDJGdqW5neZu','Male','2004-07-31 00:00:00','eyJhbGciOiJIUzI1NiIsInR5cCI6IkpXVCJ9.eyJpZCI6MTcsImZ1bGxuYW1lIjoiVHLDrSBNbGVtIiwiZW1haWwiOiIiLCJ0ZWwiOiIwOTEyMzQxMjM0IiwiaWF0IjoxNzIyNTIxMTA5LCJleHAiOjE3MjUxMTMxMDl9.VsBJqObe3x3czKhHb7SiaTaLP707UpHUCR6vnWyO_xk','2024-08-01 14:04:36','2024-08-01 14:05:09','avatarDefault.jpg'),(18,'Thích Xàm Lu','','0984758911','$2b$10$LNNEWX2juabPoUPh/zKuFOA7l3PF7rq3/t6AwaWNdG7Dm4KIWQcUu','Male','2004-08-02 00:00:00',NULL,'2024-08-02 14:00:21','2024-08-02 14:00:21','avatarDefault.jpg'),(20,'nhut vo','','0397348284','$2b$10$5M0RsWXBNe6ZdY4HLD9h.enQ3puoOd5xe6bI3KX2FdmjGcNh5gWKa','Male','2003-03-15 00:00:00','eyJhbGciOiJIUzI1NiIsInR5cCI6IkpXVCJ9.eyJpZCI6MjAsImZ1bGxuYW1lIjoibmh1dCB2byIsImVtYWlsIjoiIiwidGVsIjoiMDM5NzM0ODI4NCIsImlhdCI6MTcyMzY1NTkwMiwiZXhwIjoxNzI2MjQ3OTAyfQ.6rsHJMEUMOHXvoVGp0ytn1N3v9sEmw0onH0VHkzplOE','2024-08-14 17:05:02','2024-08-14 17:18:22','avatarDefault.jpg'),(21,'trung nguyen','','0912345679','$2b$10$Ip6pwEX.dHKXZiKTGP0T3uLyGiBq3pMRvY8QhxvnkTYAkxa812eCS','Male','2009-06-09 00:00:00','eyJhbGciOiJIUzI1NiIsInR5cCI6IkpXVCJ9.eyJpZCI6MjEsImZ1bGxuYW1lIjoidHJ1bmcgbmd1eWVuIiwiZW1haWwiOiIiLCJ0ZWwiOiIwOTEyMzQ1Njc5IiwiaWF0IjoxNzQ3MTQ0OTgyLCJleHAiOjE3NDk3MzY5ODJ9.mRqaTpu4VBoX_P2k8ZUj1TQ83WQLo52u_ABgwkOXCmw','2025-05-13 13:48:40','2025-05-13 14:03:02','avatarDefault.jpg');
/*!40000 ALTER TABLE `user` ENABLE KEYS */;
UNLOCK TABLES;
/*!40103 SET TIME_ZONE=@OLD_TIME_ZONE */;

/*!40101 SET SQL_MODE=@OLD_SQL_MODE */;
/*!40014 SET FOREIGN_KEY_CHECKS=@OLD_FOREIGN_KEY_CHECKS */;
/*!40014 SET UNIQUE_CHECKS=@OLD_UNIQUE_CHECKS */;
/*!40101 SET CHARACTER_SET_CLIENT=@OLD_CHARACTER_SET_CLIENT */;
/*!40101 SET CHARACTER_SET_RESULTS=@OLD_CHARACTER_SET_RESULTS */;
/*!40101 SET COLLATION_CONNECTION=@OLD_COLLATION_CONNECTION */;
/*!40111 SET SQL_NOTES=@OLD_SQL_NOTES */;

-- Dump completed on 2025-07-08 17:24:54
